6vbq_L	seq	-	 -	 E	 L	 T	 Q	 P	 P	 S	 M	 S	 V	 S	 P	 G	 Q	 T	 A	 R	 I	 T	 C	 S	 A	 D	 V	 L	 P	 K	 Q	 Y	 A	 Y	 W	 Y	 Q	 Q	 K	 P	 G	 Q	 A	 P	 L	 L	 L	 I	 Y	 K	 D	 T	 E	 R	 P	 S	 G	 I	 P	 E	 R	 F	 S	 G	 S	 S	 S	 G	 T	 T	 V	 T	 L	 T	 I	 S	 G	 V	 Q	 A	 E	 D	 E	 A	 D	 Y	 Y	 C	 Q	 S	 T	 D	 S	 S	 D	 L	 V	 F	 G	 G	 G	 T	 K	 L	 T	 L	 G	 Q	 P	 K	 A	 A	 P	 S	 V	 T	 L	 F	 P	 P	 S	 S	 E	 E	 L	 Q	 A	 N	 K	 A	 T	 L	 V	 C	 L	 I	 S	 D	 F	 Y	 P	 G	 A	 V	 T	 V	 A	 W	 K	 A	 D	 S	 S	 P	 V	 K	 A	 G	 V	 E	 T	 T	 T	 P	 S	 K	 Q	 S	 N	 N	 K	 Y	 A	 A	 S	 S	 Y	 L	 S	 L	 T	 P	 E	 Q	 W	 K	 S	 H	 R	 S	 Y	 S	 C	 Q	 V	 T	 H	 E	 G	 S	 T	 V	 E	 K	 T	 V	 A	 P	 -	 -	 -	 -	
	num	      -	 -	 3	 4	 5	 6	 7	 8	 9	 11	 12	 13	 14	 15	 16	 17	 18	 19	 20	 21	 22	 23	 24	 25	 26	 27	 28	 29	 30	 31	 32	 33	 34	 35	 36	 37	 38	 39	 40	 41	 42	 43	 44	 45	 46	 47	 48	 49	 50	 51	 52	 53	 54	 55	 56	 57	 58	 59	 60	 61	 62	 63	 64	 65	 66	 67	 68	 69	 70	 71	 72	 73	 74	 75	 76	 77	 78	 79	 80	 81	 82	 83	 84	 85	 86	 87	 88	 89	 90	 91	 92	 93	 94	 95	 96	 97	 98	 99	 100	 101	 102	 103	 104	 105	 106	 107	 108	 109	 110	 111	 112	 113	 114	 115	 116	 117	 118	 119	 120	 121	 122	 123	 124	 125	 126	 127	 128	 129	 130	 131	 132	 133	 134	 135	 136	 137	 138	 139	 140	 141	 142	 143	 144	 145	 146	 147	 148	 149	 150	 151	 152	 153	 154	 155	 156	 157	 158	 159	 160	 161	 162	 163	 164	 165	 166	 167	 168	 169	 170	 171	 172	 173	 174	 175	 176	 177	 178	 179	 180	 181	 182	 183	 184	 185	 186	 187	 188	 189	 190	 191	 192	 193	 194	 195	 196	 197	 198	 199	 200	 201	 202	 203	 204	 205	 206	 207	 208	 -	 -	 -	 -	
6blh_L	seq	S	 Y	 E	 L	 T	 Q	 P	 P	 S	 V	 S	 V	 S	 P	 G	 Q	 T	 A	 R	 V	 T	 C	 S	 G	 D	 A	 M	 A	 E	 Q	 Y	 T	 Y	 W	 Y	 Q	 Q	 K	 P	 G	 Q	 A	 P	 V	 L	 I	 I	 F	 K	 D	 T	 E	 R	 P	 S	 G	 I	 P	 E	 R	 F	 S	 G	 S	 S	 S	 G	 T	 T	 V	 T	 L	 T	 I	 S	 G	 V	 Q	 T	 E	 D	 E	 A	 D	 Y	 Y	 C	 Q	 S	 T	 D	 S	 S	 G	 W	 V	 F	 G	 G	 G	 T	 K	 L	 T	 V	 L	 G	 Q	 P	 K	 A	 A	 P	 S	 V	 T	 L	 F	 P	 P	 S	 S	 E	 E	 L	 Q	 A	 N	 K	 A	 T	 L	 V	 C	 L	 I	 S	 D	 F	 Y	 P	 G	 A	 V	 T	 V	 A	 W	 K	 A	 D	 S	 S	 P	 V	 K	 A	 G	 V	 E	 T	 T	 T	 P	 S	 K	 Q	 S	 N	 N	 K	 Y	 A	 A	 S	 S	 Y	 L	 S	 L	 T	 P	 E	 Q	 W	 K	 S	 H	 K	 S	 Y	 S	 C	 Q	 V	 T	 H	 E	 G	 S	 T	 V	 E	 K	 T	 V	 A	 P	 T	 -	 -	 -	
	num	      1	 2	 3	 4	 5	 6	 7	 8	 9	 11	 12	 13	 14	 15	 16	 17	 18	 19	 20	 21	 22	 23	 24	 25	 26	 27	 28	 29	 30	 31	 32	 33	 34	 35	 36	 37	 38	 39	 40	 41	 42	 43	 44	 45	 46	 47	 48	 49	 50	 51	 52	 53	 54	 55	 56	 57	 58	 59	 60	 61	 62	 63	 64	 65	 66	 67	 68	 69	 70	 71	 72	 73	 74	 75	 76	 77	 78	 79	 80	 81	 82	 83	 84	 85	 86	 87	 88	 89	 90	 91	 92	 93	 94	 95	 96	 97	 98	 99	 100	 101	 102	 103	 104	 105	 106	 107	 108	 109	 110	 111	 112	 113	 114	 115	 116	 117	 118	 119	 120	 121	 122	 123	 124	 125	 126	 127	 128	 129	 130	 131	 132	 133	 134	 135	 136	 137	 138	 139	 140	 141	 142	 143	 144	 145	 146	 147	 148	 149	 150	 151	 152	 153	 154	 155	 156	 157	 158	 159	 160	 161	 162	 163	 164	 165	 166	 167	 168	 169	 170	 171	 172	 173	 174	 175	 176	 177	 178	 179	 180	 181	 182	 183	 184	 185	 186	 187	 188	 189	 190	 191	 192	 193	 194	 195	 196	 197	 198	 199	 200	 201	 202	 203	 204	 205	 206	 207	 208	 209	 210	 -	 -	 -	
8tfr_B	seq	-	 -	 E	 L	 T	 Q	 P	 P	 S	 V	 S	 V	 S	 P	 G	 Q	 T	 A	 R	 I	 T	 C	 S	 G	 D	 T	 L	 P	 K	 R	 S	 G	 Y	 W	 Y	 Q	 Q	 K	 P	 D	 Q	 A	 P	 L	 L	 V	 I	 N	 K	 D	 T	 E	 R	 P	 S	 G	 I	 P	 E	 R	 F	 S	 G	 S	 K	 S	 G	 T	 T	 V	 T	 L	 T	 I	 S	 G	 V	 Q	 A	 E	 D	 E	 A	 D	 Y	 Y	 C	 Q	 S	 A	 D	 S	 S	 F	 P	 S	 F	 G	 G	 G	 T	 K	 L	 T	 L	 G	 Q	 P	 K	 A	 A	 P	 S	 V	 T	 L	 F	 P	 P	 S	 S	 E	 E	 L	 Q	 A	 N	 K	 A	 T	 L	 V	 C	 L	 I	 S	 D	 F	 Y	 -	 -	 A	 V	 T	 V	 A	 W	 K	 A	 D	 S	 S	 P	 V	 K	 A	 G	 V	 E	 T	 T	 T	 P	 S	 K	 Q	 S	 N	 N	 K	 Y	 A	 A	 S	 S	 Y	 L	 S	 L	 T	 P	 E	 Q	 W	 K	 S	 H	 R	 S	 Y	 S	 C	 Q	 V	 T	 H	 E	 G	 S	 T	 V	 E	 K	 T	 V	 A	 P	 T	 -	 -	 -	
	num	      -	 -	 3	 4	 5	 6	 7	 8	 9	 11	 12	 13	 14	 15	 16	 17	 18	 19	 20	 21	 22	 23	 24	 25	 26	 27	 28	 29	 30	 31	 32	 33	 34	 35	 36	 37	 38	 39	 40	 41	 42	 43	 44	 45	 46	 47	 48	 49	 50	 51	 52	 53	 54	 55	 56	 57	 58	 59	 60	 61	 62	 63	 64	 65	 66	 67	 68	 69	 70	 71	 72	 73	 74	 75	 76	 77	 78	 79	 80	 81	 82	 83	 84	 85	 86	 87	 88	 89	 90	 91	 92	 93	 94	 95	 96	 97	 98	 99	 100	 101	 102	 103	 104	 105	 106	 107	 108	 109	 110	 111	 112	 113	 114	 115	 116	 117	 118	 119	 120	 121	 122	 123	 124	 125	 126	 127	 128	 129	 130	 131	 132	 133	 134	 135	 136	 137	 138	 139	 140	 -	 -	 143	 144	 145	 146	 147	 148	 149	 150	 151	 152	 153	 154	 155	 156	 157	 158	 159	 160	 161	 162	 163	 164	 165	 166	 167	 168	 169	 170	 171	 172	 173	 174	 175	 176	 177	 178	 179	 180	 181	 182	 183	 184	 185	 186	 187	 188	 189	 190	 191	 192	 193	 194	 195	 196	 197	 198	 199	 200	 201	 202	 203	 204	 205	 206	 207	 208	 209	 -	 -	 -	
5c7x_L	seq	D	 I	 E	 L	 T	 Q	 P	 P	 S	 V	 S	 V	 A	 P	 G	 Q	 T	 A	 R	 I	 S	 C	 S	 G	 D	 S	 I	 G	 K	 K	 Y	 A	 Y	 W	 Y	 Q	 Q	 K	 P	 G	 Q	 A	 P	 V	 L	 V	 I	 Y	 K	 -	 -	 K	 R	 P	 S	 G	 I	 P	 E	 R	 F	 S	 G	 S	 N	 S	 G	 N	 T	 A	 T	 L	 T	 I	 S	 G	 T	 Q	 A	 E	 D	 E	 A	 D	 Y	 Y	 C	 S	 A	 W	 G	 D	 K	 -	 -	 G	 M	 V	 F	 G	 G	 G	 T	 K	 L	 T	 L	 G	 Q	 P	 K	 A	 A	 P	 S	 V	 T	 L	 F	 P	 P	 S	 S	 E	 E	 L	 Q	 A	 N	 K	 A	 T	 L	 V	 C	 L	 I	 S	 D	 F	 Y	 P	 G	 A	 V	 T	 V	 A	 W	 K	 A	 D	 S	 S	 P	 V	 K	 A	 G	 V	 E	 T	 T	 T	 P	 S	 K	 Q	 S	 N	 N	 K	 Y	 A	 A	 S	 S	 Y	 L	 S	 L	 T	 P	 E	 Q	 W	 K	 S	 H	 R	 S	 Y	 S	 C	 Q	 V	 T	 H	 E	 G	 S	 T	 V	 E	 K	 T	 V	 A	 P	 -	 -	 -	 -	
	num	      1	 2	 3	 4	 5	 6	 7	 8	 9	 11	 12	 13	 14	 15	 16	 17	 18	 19	 20	 21	 22	 23	 24	 25	 26	 27	 28	 29	 30	 31	 32	 33	 34	 35	 36	 37	 38	 39	 40	 41	 42	 43	 44	 45	 46	 47	 48	 49	 50	 -	 -	 51	 52	 53	 54	 57	 58	 59	 60	 61	 62	 63	 64	 65	 66	 67	 68	 69	 70	 71	 72	 73	 74	 75	 76	 77	 78	 79	 80	 81	 82	 83	 84	 85	 86	 87	 88	 89	 90	 91	 92	 93	 94	 -	 -	 95	 96	 97	 98	 99	 100	 101	 102	 103	 104	 105	 106	 107	 108	 109	 110	 111	 112	 113	 114	 115	 116	 117	 118	 119	 120	 121	 122	 123	 124	 125	 126	 127	 128	 129	 130	 131	 132	 133	 134	 135	 136	 137	 138	 139	 140	 141	 142	 143	 144	 145	 146	 147	 148	 149	 150	 151	 152	 153	 154	 155	 156	 157	 158	 159	 160	 161	 162	 163	 164	 165	 166	 167	 168	 169	 170	 171	 172	 173	 174	 175	 176	 177	 178	 179	 180	 181	 182	 183	 184	 185	 186	 187	 188	 189	 190	 191	 192	 193	 194	 195	 196	 197	 198	 199	 200	 201	 202	 203	 204	 205	 206	 207	 208	 -	 -	 -	 -	
8tfp_A	seq	-	 -	 E	 L	 T	 Q	 P	 P	 S	 V	 S	 V	 S	 P	 G	 Q	 T	 A	 R	 I	 T	 C	 S	 G	 D	 T	 L	 P	 K	 R	 S	 G	 Y	 W	 Y	 Q	 Q	 K	 P	 D	 Q	 A	 P	 L	 L	 V	 I	 N	 K	 D	 T	 E	 R	 P	 S	 G	 I	 P	 E	 R	 F	 S	 G	 S	 K	 S	 G	 T	 T	 V	 T	 L	 T	 I	 S	 G	 V	 Q	 A	 E	 D	 E	 A	 D	 Y	 Y	 C	 Q	 S	 A	 D	 S	 S	 F	 Y	 S	 F	 G	 G	 G	 T	 K	 L	 T	 L	 G	 Q	 P	 K	 A	 A	 P	 S	 V	 T	 L	 F	 P	 P	 S	 S	 E	 E	 L	 Q	 A	 N	 K	 A	 T	 L	 V	 C	 L	 I	 S	 D	 F	 Y	 P	 G	 A	 V	 T	 V	 A	 W	 K	 A	 D	 S	 S	 P	 V	 K	 A	 G	 V	 E	 T	 T	 T	 P	 S	 K	 Q	 S	 N	 N	 K	 Y	 A	 A	 S	 S	 Y	 L	 S	 L	 T	 P	 E	 Q	 W	 K	 S	 H	 R	 S	 Y	 S	 C	 Q	 V	 T	 H	 E	 G	 S	 T	 V	 E	 K	 T	 V	 A	 P	 T	 -	 -	 -	
	num	      -	 -	 3	 4	 5	 6	 7	 8	 9	 11	 12	 13	 14	 15	 16	 17	 18	 19	 20	 21	 22	 23	 24	 25	 26	 27	 28	 29	 30	 31	 32	 33	 34	 35	 36	 37	 38	 39	 40	 41	 42	 43	 44	 45	 46	 47	 48	 49	 50	 51	 52	 53	 54	 55	 56	 57	 58	 59	 60	 61	 62	 63	 64	 65	 66	 67	 68	 69	 70	 71	 72	 73	 74	 75	 76	 77	 78	 79	 80	 81	 82	 83	 84	 85	 86	 87	 88	 89	 90	 91	 92	 93	 94	 95	 96	 97	 98	 99	 100	 101	 102	 103	 104	 105	 106	 107	 108	 109	 110	 111	 112	 113	 114	 115	 116	 117	 118	 119	 120	 121	 122	 123	 124	 125	 126	 127	 128	 129	 130	 131	 132	 133	 134	 135	 136	 137	 138	 139	 140	 141	 142	 143	 144	 145	 146	 147	 148	 149	 150	 151	 152	 153	 154	 155	 156	 157	 158	 159	 160	 161	 162	 163	 164	 165	 166	 167	 168	 169	 170	 171	 172	 173	 174	 175	 176	 177	 178	 179	 180	 181	 182	 183	 184	 185	 186	 187	 188	 189	 190	 191	 192	 193	 194	 195	 196	 197	 198	 199	 200	 201	 202	 203	 204	 205	 206	 207	 208	 209	 -	 -	 -	
5d72_L	seq	D	 I	 E	 L	 T	 Q	 P	 P	 S	 V	 S	 V	 A	 P	 G	 Q	 T	 A	 R	 I	 S	 C	 S	 G	 D	 S	 I	 G	 K	 K	 Y	 A	 Y	 W	 Y	 Q	 Q	 K	 P	 G	 Q	 A	 P	 V	 L	 V	 I	 Y	 K	 -	 -	 K	 R	 P	 S	 G	 I	 P	 E	 R	 F	 S	 G	 S	 N	 S	 G	 N	 T	 A	 T	 L	 T	 I	 S	 G	 T	 Q	 A	 E	 D	 E	 A	 D	 Y	 Y	 C	 S	 S	 W	 D	 S	 T	 -	 -	 G	 L	 V	 F	 G	 G	 G	 T	 K	 L	 T	 L	 G	 Q	 P	 K	 A	 A	 P	 S	 V	 T	 L	 F	 P	 P	 S	 S	 E	 E	 L	 Q	 A	 N	 K	 A	 T	 L	 V	 C	 L	 I	 S	 D	 F	 Y	 P	 G	 A	 V	 T	 V	 A	 W	 K	 A	 D	 S	 S	 P	 V	 K	 A	 G	 V	 E	 T	 T	 T	 P	 S	 K	 Q	 S	 N	 N	 K	 Y	 A	 A	 S	 S	 Y	 L	 S	 L	 T	 P	 E	 Q	 W	 K	 S	 H	 R	 S	 Y	 S	 C	 Q	 V	 T	 H	 E	 G	 S	 T	 V	 E	 K	 T	 V	 A	 P	 -	 -	 -	 -	
	num	      1	 2	 3	 4	 5	 6	 7	 8	 9	 11	 12	 13	 14	 15	 16	 17	 18	 19	 20	 21	 22	 23	 24	 25	 26	 27	 28	 29	 30	 31	 32	 33	 34	 35	 36	 37	 38	 39	 40	 41	 42	 43	 44	 45	 46	 47	 48	 49	 50	 -	 -	 51	 52	 53	 54	 57	 58	 59	 60	 61	 62	 63	 64	 65	 66	 67	 68	 69	 70	 71	 72	 73	 74	 75	 76	 77	 78	 79	 80	 81	 82	 83	 84	 85	 86	 87	 88	 89	 90	 91	 92	 93	 94	 -	 -	 95	 96	 97	 98	 99	 100	 101	 102	 103	 104	 105	 106	 107	 108	 109	 110	 111	 112	 113	 114	 115	 116	 117	 118	 119	 120	 121	 122	 123	 124	 125	 126	 127	 128	 129	 130	 131	 132	 133	 134	 135	 136	 137	 138	 139	 140	 141	 142	 143	 144	 145	 146	 147	 148	 149	 150	 151	 152	 153	 154	 155	 156	 157	 158	 159	 160	 161	 162	 163	 164	 165	 166	 167	 168	 169	 170	 171	 172	 173	 174	 175	 176	 177	 178	 179	 180	 181	 182	 183	 184	 185	 186	 187	 188	 189	 190	 191	 192	 193	 194	 195	 196	 197	 198	 199	 200	 201	 202	 203	 204	 205	 206	 207	 208	 -	 -	 -	 -	
8smt_B	seq	-	 Y	 E	 L	 T	 Q	 P	 P	 S	 V	 S	 V	 S	 P	 G	 Q	 T	 A	 S	 I	 T	 C	 S	 G	 D	 K	 L	 G	 D	 K	 Y	 A	 C	 W	 Y	 Q	 Q	 K	 P	 G	 Q	 S	 P	 V	 L	 V	 I	 Y	 Q	 D	 S	 K	 R	 P	 S	 G	 I	 P	 E	 R	 F	 S	 G	 S	 N	 S	 G	 N	 T	 A	 T	 L	 T	 I	 S	 G	 T	 Q	 A	 M	 D	 E	 A	 D	 Y	 Y	 C	 Q	 A	 W	 D	 S	 S	 S	 V	 V	 F	 G	 G	 G	 T	 K	 L	 T	 L	 G	 Q	 P	 K	 A	 A	 P	 S	 V	 T	 L	 F	 P	 P	 S	 S	 E	 E	 L	 Q	 A	 N	 K	 A	 T	 L	 V	 C	 L	 I	 S	 D	 F	 Y	 P	 G	 A	 V	 T	 V	 A	 W	 K	 A	 D	 S	 S	 P	 V	 K	 A	 G	 V	 E	 T	 T	 T	 P	 S	 K	 Q	 S	 N	 N	 K	 Y	 A	 A	 S	 S	 Y	 L	 S	 L	 T	 P	 E	 Q	 W	 K	 S	 H	 R	 S	 Y	 S	 C	 Q	 V	 T	 H	 E	 G	 S	 T	 V	 E	 K	 T	 V	 A	 P	 T	 -	 -	 E	
	num	      -	 2	 3	 4	 5	 6	 7	 8	 9	 11	 12	 13	 14	 15	 16	 17	 18	 19	 20	 21	 22	 23	 24	 25	 26	 27	 28	 29	 30	 31	 32	 33	 34	 35	 36	 37	 38	 39	 40	 41	 42	 43	 44	 45	 46	 47	 48	 49	 50	 51	 52	 53	 54	 55	 56	 57	 58	 59	 60	 61	 62	 63	 64	 65	 66	 67	 68	 69	 70	 71	 72	 73	 74	 75	 76	 77	 78	 79	 80	 81	 82	 83	 84	 85	 86	 87	 88	 89	 90	 91	 92	 93	 94	 95	 96	 97	 98	 99	 100	 101	 102	 103	 104	 105	 106	 107	 108	 109	 110	 111	 112	 113	 114	 115	 116	 117	 118	 119	 120	 121	 122	 123	 124	 125	 126	 127	 128	 129	 130	 131	 132	 133	 134	 135	 136	 137	 138	 139	 140	 141	 142	 143	 144	 145	 146	 147	 148	 149	 150	 151	 152	 153	 154	 155	 156	 157	 158	 159	 160	 161	 162	 163	 164	 165	 166	 167	 168	 169	 170	 171	 172	 173	 174	 175	 176	 177	 178	 179	 180	 181	 182	 183	 184	 185	 186	 187	 188	 189	 190	 191	 192	 193	 194	 195	 196	 197	 198	 199	 200	 201	 202	 203	 204	 205	 206	 207	 208	 209	 -	 -	 210	
8tfq_A	seq	-	 -	 E	 L	 T	 Q	 P	 P	 S	 V	 S	 V	 S	 P	 G	 Q	 T	 A	 R	 I	 T	 C	 S	 G	 D	 T	 L	 P	 K	 R	 S	 G	 Y	 W	 Y	 Q	 Q	 K	 P	 D	 Q	 A	 P	 L	 L	 V	 I	 N	 K	 D	 T	 E	 R	 P	 S	 G	 I	 P	 E	 R	 F	 S	 G	 S	 K	 S	 G	 T	 T	 V	 T	 L	 T	 I	 S	 G	 V	 Q	 A	 E	 D	 E	 A	 D	 Y	 Y	 C	 Q	 S	 A	 D	 S	 S	 F	 P	 S	 F	 G	 G	 G	 T	 K	 L	 T	 L	 G	 Q	 P	 K	 A	 A	 P	 S	 V	 T	 L	 F	 P	 P	 S	 S	 E	 E	 L	 Q	 A	 N	 K	 A	 T	 L	 V	 C	 L	 I	 S	 D	 F	 Y	 P	 G	 A	 V	 T	 V	 A	 W	 K	 A	 D	 S	 S	 P	 V	 K	 A	 G	 V	 E	 T	 T	 T	 P	 S	 K	 Q	 S	 N	 N	 K	 Y	 A	 A	 S	 S	 Y	 L	 S	 L	 T	 P	 E	 Q	 W	 K	 S	 H	 R	 S	 Y	 S	 C	 Q	 V	 T	 H	 E	 G	 S	 T	 V	 E	 K	 T	 V	 A	 P	 T	 -	 -	 -	
	num	      -	 -	 3	 4	 5	 6	 7	 8	 9	 11	 12	 13	 14	 15	 16	 17	 18	 19	 20	 21	 22	 23	 24	 25	 26	 27	 28	 29	 30	 31	 32	 33	 34	 35	 36	 37	 38	 39	 40	 41	 42	 43	 44	 45	 46	 47	 48	 49	 50	 51	 52	 53	 54	 55	 56	 57	 58	 59	 60	 61	 62	 63	 64	 65	 66	 67	 68	 69	 70	 71	 72	 73	 74	 75	 76	 77	 78	 79	 80	 81	 82	 83	 84	 85	 86	 87	 88	 89	 90	 91	 92	 93	 94	 95	 96	 97	 98	 99	 100	 101	 102	 103	 104	 105	 106	 107	 108	 109	 110	 111	 112	 113	 114	 115	 116	 117	 118	 119	 120	 121	 122	 123	 124	 125	 126	 127	 128	 129	 130	 131	 132	 133	 134	 135	 136	 137	 138	 139	 140	 141	 142	 143	 144	 145	 146	 147	 148	 149	 150	 151	 152	 153	 154	 155	 156	 157	 158	 159	 160	 161	 162	 163	 164	 165	 166	 167	 168	 169	 170	 171	 172	 173	 174	 175	 176	 177	 178	 179	 180	 181	 182	 183	 184	 185	 186	 187	 188	 189	 190	 191	 192	 193	 194	 195	 196	 197	 198	 199	 200	 201	 202	 203	 204	 205	 206	 207	 208	 209	 -	 -	 -	
5d71_L	seq	D	 I	 E	 L	 T	 Q	 P	 P	 S	 V	 S	 V	 A	 P	 G	 Q	 T	 A	 R	 I	 S	 C	 S	 G	 D	 S	 I	 G	 K	 K	 Y	 A	 Y	 W	 Y	 Q	 Q	 K	 P	 G	 Q	 A	 P	 V	 L	 V	 I	 -	 -	 -	 -	 -	 -	 -	 -	 -	 -	 -	 E	 R	 F	 S	 G	 S	 N	 S	 G	 N	 T	 A	 T	 L	 T	 I	 S	 G	 T	 Q	 A	 E	 D	 E	 A	 D	 Y	 Y	 C	 S	 A	 W	 G	 D	 K	 -	 -	 G	 M	 V	 F	 G	 G	 G	 T	 K	 L	 T	 L	 G	 Q	 P	 K	 A	 A	 P	 S	 V	 T	 L	 F	 P	 P	 S	 S	 E	 E	 L	 Q	 A	 N	 K	 A	 T	 L	 V	 C	 L	 I	 S	 D	 F	 Y	 P	 G	 A	 V	 T	 V	 A	 W	 K	 A	 D	 S	 S	 P	 V	 K	 A	 G	 V	 E	 T	 T	 T	 P	 S	 K	 Q	 S	 N	 N	 K	 Y	 A	 A	 S	 S	 Y	 L	 S	 L	 T	 P	 E	 Q	 W	 K	 S	 H	 R	 S	 Y	 S	 C	 Q	 V	 T	 H	 E	 G	 S	 T	 V	 E	 K	 T	 V	 A	 P	 T	 -	 -	 -	
	num	      1	 2	 3	 4	 5	 6	 7	 8	 9	 11	 12	 13	 14	 15	 16	 17	 18	 19	 20	 21	 22	 23	 24	 25	 26	 27	 28	 29	 30	 31	 32	 33	 34	 35	 36	 37	 38	 39	 40	 41	 42	 43	 44	 45	 46	 47	 48	 -	 -	 -	 -	 -	 -	 -	 -	 -	 -	 -	 60	 61	 62	 63	 64	 65	 66	 67	 68	 69	 70	 71	 72	 73	 74	 75	 76	 77	 78	 79	 80	 81	 82	 83	 84	 85	 86	 87	 88	 89	 90	 91	 92	 93	 94	 -	 -	 95	 96	 97	 98	 99	 100	 101	 102	 103	 104	 105	 106	 107	 108	 109	 110	 111	 112	 113	 114	 115	 116	 117	 118	 119	 120	 121	 122	 123	 124	 125	 126	 127	 128	 129	 130	 131	 132	 133	 134	 135	 136	 137	 138	 139	 140	 141	 142	 143	 144	 145	 146	 147	 148	 149	 150	 151	 152	 153	 154	 155	 156	 157	 158	 159	 160	 161	 162	 163	 164	 165	 166	 167	 168	 169	 170	 171	 172	 173	 174	 175	 176	 177	 178	 179	 180	 181	 182	 183	 184	 185	 186	 187	 188	 189	 190	 191	 192	 193	 194	 195	 196	 197	 198	 199	 200	 201	 202	 203	 204	 205	 206	 207	 208	 209	 -	 -	 -	
6oc7_L	seq	-	 Y	 E	 L	 T	 Q	 P	 P	 S	 V	 S	 V	 S	 P	 G	 Q	 T	 A	 R	 I	 T	 C	 S	 G	 D	 A	 L	 P	 K	 Q	 Y	 A	 Y	 W	 Y	 Q	 Q	 K	 P	 G	 Q	 A	 P	 V	 L	 V	 I	 Y	 K	 D	 S	 E	 R	 P	 S	 G	 I	 P	 E	 R	 F	 S	 G	 S	 S	 S	 G	 T	 T	 V	 T	 L	 T	 I	 S	 G	 V	 Q	 A	 E	 D	 E	 A	 D	 Y	 Y	 C	 Q	 S	 A	 D	 S	 G	 -	 T	 V	 V	 F	 G	 G	 G	 T	 K	 L	 T	 L	 G	 Q	 P	 K	 A	 A	 P	 S	 V	 T	 L	 F	 P	 P	 S	 S	 E	 E	 L	 Q	 A	 N	 K	 A	 T	 L	 V	 C	 L	 I	 S	 D	 F	 Y	 P	 G	 A	 V	 T	 V	 A	 W	 K	 A	 D	 S	 S	 P	 V	 K	 A	 G	 V	 E	 T	 T	 T	 P	 S	 K	 Q	 S	 N	 N	 K	 Y	 A	 A	 S	 S	 Y	 L	 S	 L	 T	 P	 E	 Q	 W	 K	 S	 H	 R	 S	 Y	 S	 C	 Q	 V	 T	 H	 E	 G	 S	 T	 V	 E	 K	 T	 V	 A	 P	 T	 E	 C	 S	
	num	      -	 2	 3	 4	 5	 6	 7	 8	 9	 11	 12	 13	 14	 15	 16	 17	 18	 19	 20	 21	 22	 23	 24	 25	 26	 27	 28	 29	 30	 31	 32	 33	 34	 35	 36	 37	 38	 39	 40	 41	 42	 43	 44	 45	 46	 47	 48	 49	 50	 51	 52	 53	 54	 55	 56	 57	 58	 59	 60	 61	 62	 63	 64	 65	 66	 67	 68	 69	 70	 71	 72	 73	 74	 75	 76	 77	 78	 79	 80	 81	 82	 83	 84	 85	 86	 87	 88	 89	 90	 91	 92	 93	 94	 -	 95	 96	 97	 98	 99	 100	 101	 102	 103	 104	 105	 106	 107	 108	 109	 110	 111	 112	 113	 114	 115	 116	 117	 118	 119	 120	 121	 122	 123	 124	 125	 126	 127	 128	 129	 130	 131	 132	 133	 134	 135	 136	 137	 138	 139	 140	 141	 142	 143	 144	 145	 146	 147	 148	 149	 150	 151	 152	 153	 154	 155	 156	 157	 158	 159	 160	 161	 162	 163	 164	 165	 166	 167	 168	 169	 170	 171	 172	 173	 174	 175	 176	 177	 178	 179	 180	 181	 182	 183	 184	 185	 186	 187	 188	 189	 190	 191	 192	 193	 194	 195	 196	 197	 198	 199	 200	 201	 202	 203	 204	 205	 206	 207	 208	 209	 210	 211	 212	
5d70_L	seq	D	 I	 E	 L	 T	 Q	 P	 P	 S	 V	 S	 V	 A	 P	 G	 Q	 T	 A	 R	 I	 S	 C	 S	 G	 D	 S	 I	 G	 K	 K	 Y	 A	 Y	 W	 Y	 Q	 Q	 K	 P	 G	 Q	 A	 P	 V	 L	 V	 -	 -	 -	 -	 -	 -	 -	 -	 -	 -	 -	 -	 E	 R	 F	 S	 G	 S	 N	 S	 G	 N	 T	 A	 T	 L	 T	 I	 S	 G	 T	 Q	 A	 E	 D	 E	 A	 D	 Y	 Y	 C	 S	 S	 W	 D	 S	 T	 -	 -	 G	 L	 V	 F	 G	 G	 G	 T	 K	 L	 T	 L	 G	 Q	 P	 K	 A	 A	 P	 S	 V	 T	 L	 F	 P	 P	 S	 S	 E	 E	 L	 Q	 A	 N	 K	 A	 T	 L	 V	 C	 L	 I	 S	 D	 F	 Y	 P	 G	 A	 V	 T	 V	 A	 W	 K	 A	 D	 S	 S	 P	 V	 K	 A	 G	 V	 E	 T	 T	 T	 P	 S	 K	 Q	 S	 N	 N	 K	 Y	 A	 A	 S	 S	 Y	 L	 S	 L	 T	 P	 E	 Q	 W	 K	 S	 H	 R	 S	 Y	 S	 C	 Q	 V	 T	 H	 E	 G	 S	 T	 V	 E	 K	 T	 V	 A	 P	 T	 -	 -	 -	
	num	      1	 2	 3	 4	 5	 6	 7	 8	 9	 11	 12	 13	 14	 15	 16	 17	 18	 19	 20	 21	 22	 23	 24	 25	 26	 27	 28	 29	 30	 31	 32	 33	 34	 35	 36	 37	 38	 39	 40	 41	 42	 43	 44	 45	 46	 47	 -	 -	 -	 -	 -	 -	 -	 -	 -	 -	 -	 -	 60	 61	 62	 63	 64	 65	 66	 67	 68	 69	 70	 71	 72	 73	 74	 75	 76	 77	 78	 79	 80	 81	 82	 83	 84	 85	 86	 87	 88	 89	 90	 91	 92	 93	 94	 -	 -	 95	 96	 97	 98	 99	 100	 101	 102	 103	 104	 105	 106	 107	 108	 109	 110	 111	 112	 113	 114	 115	 116	 117	 118	 119	 120	 121	 122	 123	 124	 125	 126	 127	 128	 129	 130	 131	 132	 133	 134	 135	 136	 137	 138	 139	 140	 141	 142	 143	 144	 145	 146	 147	 148	 149	 150	 151	 152	 153	 154	 155	 156	 157	 158	 159	 160	 161	 162	 163	 164	 165	 166	 167	 168	 169	 170	 171	 172	 173	 174	 175	 176	 177	 178	 179	 180	 181	 182	 183	 184	 185	 186	 187	 188	 189	 190	 191	 192	 193	 194	 195	 196	 197	 198	 199	 200	 201	 202	 203	 204	 205	 206	 207	 208	 209	 -	 -	 -	
